violent_crimes,property_crimes,agency_count,state_fips,county_fips,state_name,county_name,fips
805,3981,22,10,001,DELAWARE,KENT,10001
2371,12427,18,10,003,DELAWARE,NEW CASTLE,10003
919,3747,28,10,005,DELAWARE,SUSSEX,10005
21,198,3,13,001,GEORGIA,APPLING,13001
9,49,3,13,003,GEORGIA,ATKINSON,13003
12,101,2,13,005,GEORGIA,BACON,13005
0,0,2,13,007,GEORGIA,BAKER,13007
210,1075,7,13,009,GEORGIA,BALDWIN,13009
28,212,2,13,011,GEORGIA,BANKS,13011
156,1091,4,13,013,GEORGIA,BARROW,13013
272,1716,8,13,015,GEORGIA,BARTOW,13015
156,461,2,13,017,GEORGIA,BEN HILL,13017
57,285,5,13,019,GEORGIA,BERRIEN,13019
2111,6298,9,13,021,GEORGIA,BIBB,13021
28,190,3,13,023,GEORGIA,BLECKLEY,13023
43,268,3,13,025,GEORGIA,BRANTLEY,13025
29,132,4,13,027,GEORGIA,BROOKS,13027
46,369,3,13,029,GEORGIA,BRYAN,13029
162,1240,8,13,031,GEORGIA,BULLOCH,13031
60,362,5,13,033,GEORGIA,BURKE,13033
25,148,3,13,035,GEORGIA,BUTTS,13035
11,41,4,13,037,GEORGIA,CALHOUN,13037
131,597,5,13,039,GEORGIA,CAMDEN,13039
23,164,3,13,043,GEORGIA,CANDLER,13043
233,1811,9,13,045,GEORGIA,CARROLL,13045
91,758,3,13,047,GEORGIA,CATOOSA,13047
3,36,3,13,049,GEORGIA,CHARLTON,13049
157,1305,17,13,051,GEORGIA,CHATHAM,13051
0,0,2,13,053,GEORGIA,CHATTAHOOCHEE,13053
25,292,5,13,055,GEORGIA,CHATTOOGA,13055
294,1715,9,13,057,GEORGIA,CHEROKEE,13057
587,3666,7,13,059,GEORGIA,CLARKE,13059
16,19,2,13,061,GEORGIA,CLAY,13061
1242,6355,10,13,063,GEORGIA,CLAYTON,13063
11,57,2,13,065,GEORGIA,CLINCH,13065
1714,11633,14,13,067,GEORGIA,COBB,13067
75,380,7,13,069,GEORGIA,COFFEE,13069
139,721,6,13,071,GEORGIA,COLQUITT,13071
148,1161,3,13,073,GEORGIA,COLUMBIA,13073
13,125,4,13,075,GEORGIA,COOK,13075
977,1767,5,13,077,GEORGIA,COWETA,13077
24,131,2,13,079,GEORGIA,CRAWFORD,13079
202,686,4,13,081,GEORGIA,CRISP,13081
0,0,2,13,083,GEORGIA,DADE,13083
37,233,1,13,085,GEORGIA,DAWSON,13085
139,607,6,13,087,GEORGIA,DECATUR,13087
5089,26772,18,13,089,GEORGIA,DE KALB,13089
54,245,3,13,091,GEORGIA,DODGE,13091
0,0,5,13,093,GEORGIA,DOOLY,13093
736,1821,8,13,095,GEORGIA,DOUGHERTY,13095
404,2821,2,13,097,GEORGIA,DOUGLAS,13097
82,159,3,13,099,GEORGIA,EARLY,13099
2,4,1,13,101,GEORGIA,ECHOLS,13101
54,323,5,13,103,GEORGIA,EFFINGHAM,13103
33,160,3,13,105,GEORGIA,ELBERT,13105
30,224,6,13,107,GEORGIA,EMANUEL,13107
28,106,3,13,109,GEORGIA,EVANS,13109
42,191,4,13,111,GEORGIA,FANNIN,13111
80,1331,5,13,113,GEORGIA,FAYETTE,13113
521,2081,6,13,115,GEORGIA,FLOYD,13115
151,1132,4,13,117,GEORGIA,FORSYTH,13117
32,206,5,13,119,GEORGIA,FRANKLIN,13119
4746,27309,39,13,121,GEORGIA,FULTON,13121
82,314,4,13,123,GEORGIA,GILMER,13123
2,19,2,13,125,GEORGIA,GLASCOCK,13125
287,1119,8,13,127,GEORGIA,GLYNN,13127
84,389,7,13,129,GEORGIA,GORDON,13129
19,221,4,13,131,GEORGIA,GRADY,13131
16,125,6,13,133,GEORGIA,GREENE,13133
2927,14219,12,13,135,GEORGIA,GWINNETT,13135
28,181,10,13,137,GEORGIA,HABERSHAM,13137
519,2942,11,13,139,GEORGIA,HALL,13139
10,47,3,13,141,GEORGIA,HANCOCK,13141
56,582,5,13,143,GEORGIA,HARALSON,13143
12,131,5,13,145,GEORGIA,HARRIS,13145
90,403,2,13,147,GEORGIA,HART,13147
9,110,3,13,149,GEORGIA,HEARD,13149
625,4007,5,13,151,GEORGIA,HENRY,13151
629,3554,6,13,153,GEORGIA,HOUSTON,13153
24,153,2,13,155,GEORGIA,IRWIN,13155
81,738,7,13,157,GEORGIA,JACKSON,13157
39,118,2,13,159,GEORGIA,JASPER,13159
34,181,2,13,161,GEORGIA,JEFF DAVIS,13161
67,184,6,13,163,GEORGIA,JEFFERSON,13163
41,122,2,13,165,GEORGIA,JENKINS,13165
0,0,3,13,167,GEORGIA,JOHNSON,13167
51,266,2,13,169,GEORGIA,JONES,13169
9,52,4,13,171,GEORGIA,LAMAR,13171
22,85,2,13,173,GEORGIA,LANIER,13173
94,368,5,13,175,GEORGIA,LAURENS,13175
63,292,3,13,177,GEORGIA,LEE,13177
218,793,4,13,179,GEORGIA,LIBERTY,13179
23,66,2,13,181,GEORGIA,LINCOLN,13181
20,70,2,13,183,GEORGIA,LONG,13183
391,3116,7,13,185,GEORGIA,LOWNDES,13185
35,186,2,13,187,GEORGIA,LUMPKIN,13187
44,149,5,13,189,GEORGIA,MCDUFFIE,13189
30,196,2,13,191,GEORGIA,MCINTOSH,13191
11,17,6,13,193,GEORGIA,MACON,13193
58,285,4,13,195,GEORGIA,MADISON,13195
4,30,2,13,197,GEORGIA,MARION,13197
61,204,10,13,199,GEORGIA,MERIWETHER,13199
0,0,2,13,201,GEORGIA,MILLER,13201
58,401,5,13,205,GEORGIA,MITCHELL,13205
14,98,4,13,207,GEORGIA,MONROE,13207
10,37,4,13,209,GEORGIA,MONTGOMERY,13209
3,26,4,13,211,GEORGIA,MORGAN,13211
33,104,3,13,213,GEORGIA,MURRAY,13213
1529,5815,5,13,215,GEORGIA,MUSCOGEE,13215
383,1990,6,13,217,GEORGIA,NEWTON,13217
25,598,2,13,219,GEORGIA,OCONEE,13219
0,1,1,13,221,GEORGIA,OGLETHORPE,13221
613,1599,4,13,223,GEORGIA,PAULDING,13223
90,333,4,13,225,GEORGIA,PEACH,13225
12,160,5,13,227,GEORGIA,PICKENS,13227
35,197,3,13,229,GEORGIA,PIERCE,13229
22,114,4,13,231,GEORGIA,PIKE,13231
101,680,5,13,233,GEORGIA,POLK,13233
39,183,2,13,235,GEORGIA,PULASKI,13235
51,303,2,13,237,GEORGIA,PUTNAM,13237
0,0,2,13,239,GEORGIA,QUITMAN,13239
17,149,5,13,241,GEORGIA,RABUN,13241
14,25,4,13,243,GEORGIA,RANDOLPH,13243
1192,6899,9,13,245,GEORGIA,RICHMOND,13245
199,943,3,13,247,GEORGIA,ROCKDALE,13247
6,27,2,13,249,GEORGIA,SCHLEY,13249
5,40,6,13,251,GEORGIA,SCREVEN,13251
27,71,3,13,253,GEORGIA,SEMINOLE,13253
366,1320,4,13,255,GEORGIA,SPALDING,13255
40,369,3,13,257,GEORGIA,STEPHENS,13257
0,0,4,13,259,GEORGIA,STEWART,13259
218,665,7,13,261,GEORGIA,SUMTER,13261
17,28,3,13,263,GEORGIA,TALBOT,13263
0,0,2,13,265,GEORGIA,TALIAFERRO,13265
27,159,6,13,267,GEORGIA,TATTNALL,13267
21,34,3,13,269,GEORGIA,TAYLOR,13269
16,32,7,13,271,GEORGIA,TELFAIR,13271
14,30,2,13,273,GEORGIA,TERRELL,13273
187,1045,10,13,275,GEORGIA,THOMAS,13275
168,494,5,13,277,GEORGIA,TIFT,13277
101,533,3,13,279,GEORGIA,TOOMBS,13279
18,17,3,13,281,GEORGIA,TOWNS,13281
7,36,2,13,283,GEORGIA,TREUTLEN,13283
248,1864,6,13,285,GEORGIA,TROUP,13285
10,39,3,13,287,GEORGIA,TURNER,13287
8,63,3,13,289,GEORGIA,TWIGGS,13289
15,115,2,13,291,GEORGIA,UNION,13291
39,365,4,13,293,GEORGIA,UPSON,13293
19,100,8,13,295,GEORGIA,WALKER,13295
151,861,7,13,297,GEORGIA,WALTON,13297
118,802,4,13,299,GEORGIA,WARE,13299
0,5,2,13,301,GEORGIA,WARREN,13301
9,24,7,13,303,GEORGIA,WASHINGTON,13303
60,418,4,13,305,GEORGIA,WAYNE,13305
0,0,2,13,307,GEORGIA,WEBSTER,13307
7,43,3,13,309,GEORGIA,WHEELER,13309
9,323,3,13,311,GEORGIA,WHITE,13311
397,1527,8,13,313,GEORGIA,WHITFIELD,13313
12,31,4,13,315,GEORGIA,WILCOX,13315
55,145,4,13,317,GEORGIA,WILKES,13317
16,51,8,13,319,GEORGIA,WILKINSON,13319
53,199,5,13,321,GEORGIA,WORTH,13321
92,114,4,21,001,KENTUCKY,ADAIR,21001
16,143,3,21,003,KENTUCKY,ALLEN,21003
14,136,4,21,005,KENTUCKY,ANDERSON,21005
9,65,4,21,007,KENTUCKY,BALLARD,21007
44,672,6,21,009,KENTUCKY,BARREN,21009
1,60,3,21,011,KENTUCKY,BATH,21011
33,369,4,21,013,KENTUCKY,BELL,21013
131,2153,6,21,015,KENTUCKY,BOONE,21015
37,173,5,21,017,KENTUCKY,BOURBON,21017
114,899,7,21,019,KENTUCKY,BOYD,21019
39,295,5,21,021,KENTUCKY,BOYLE,21021
3,32,4,21,023,KENTUCKY,BRACKEN,21023
7,50,3,21,025,KENTUCKY,BREATHITT,21025
6,84,5,21,027,KENTUCKY,BRECKINRIDGE,21027
71,778,10,21,029,KENTUCKY,BULLITT,21029
5,27,3,21,031,KENTUCKY,BUTLER,21031
9,129,3,21,033,KENTUCKY,CALDWELL,21033
32,462,4,21,035,KENTUCKY,CALLOWAY,21035
112,1112,17,21,037,KENTUCKY,CAMPBELL,21037
4,18,3,21,039,KENTUCKY,CARLISLE,21039
8,70,3,21,041,KENTUCKY,CARROLL,21041
21,104,5,21,043,KENTUCKY,CARTER,21043
4,23,3,21,045,KENTUCKY,CASEY,21045
177,1458,8,21,047,KENTUCKY,CHRISTIAN,21047
62,719,4,21,049,KENTUCKY,CLARK,21049
6,93,4,21,051,KENTUCKY,CLAY,21051
3,24,3,21,053,KENTUCKY,CLINTON,21053
5,44,3,21,055,KENTUCKY,CRITTENDEN,21055
1,21,3,21,057,KENTUCKY,CUMBERLAND,21057
233,2322,3,21,059,KENTUCKY,DAVIESS,21059
5,42,3,21,061,KENTUCKY,EDMONSON,21061
2,7,2,21,063,KENTUCKY,ELLIOTT,21063
4,38,4,21,065,KENTUCKY,ESTILL,21065
866,9408,10,21,067,KENTUCKY,FAYETTE,21067
11,47,3,21,069,KENTUCKY,FLEMING,21069
17,68,8,21,071,KENTUCKY,FLOYD,21071
122,805,14,21,073,KENTUCKY,FRANKLIN,21073
11,92,4,21,075,KENTUCKY,FULTON,21075
8,48,4,21,077,KENTUCKY,GALLATIN,21077
10,80,4,21,079,KENTUCKY,GARRARD,21079
52,229,7,21,081,KENTUCKY,GRANT,21081
78,368,6,21,083,KENTUCKY,GRAVES,21083
12,154,5,21,085,KENTUCKY,GRAYSON,21085
2,16,3,21,087,KENTUCKY,GREEN,21087
10,103,10,21,089,KENTUCKY,GREENUP,21089
5,23,4,21,091,KENTUCKY,HANCOCK,21091
162,1088,10,21,093,KENTUCKY,HARDIN,21093
40,200,10,21,095,KENTUCKY,HARLAN,21095
11,140,3,21,097,KENTUCKY,HARRISON,21097
12,83,4,21,099,KENTUCKY,HART,21099
123,813,5,21,101,KENTUCKY,HENDERSON,21101
42,151,7,21,103,KENTUCKY,HENRY,21103
4,20,3,21,105,KENTUCKY,HICKMAN,21105
69,334,8,21,107,KENTUCKY,HOPKINS,21107
3,43,4,21,109,KENTUCKY,JACKSON,21109
5438,27575,28,21,111,KENTUCKY,JEFFERSON,21111
53,755,5,21,113,KENTUCKY,JESSAMINE,21113
8,67,3,21,115,KENTUCKY,JOHNSON,21115
261,1451,24,21,117,KENTUCKY,KENTON,21117
0,10,4,21,119,KENTUCKY,KNOTT,21119
16,79,3,21,121,KENTUCKY,KNOX,21121
14,62,3,21,123,KENTUCKY,LARUE,21123
95,844,5,21,125,KENTUCKY,LAUREL,21125
9,73,3,21,127,KENTUCKY,LAWRENCE,21127
3,35,4,21,129,KENTUCKY,LEE,21129
6,14,3,21,131,KENTUCKY,LESLIE,21131
0,8,6,21,133,KENTUCKY,LETCHER,21133
7,54,3,21,135,KENTUCKY,LEWIS,21135
15,120,5,21,137,KENTUCKY,LINCOLN,21137
4,56,2,21,139,KENTUCKY,LIVINGSTON,21139
25,174,6,21,141,KENTUCKY,LOGAN,21141
9,23,4,21,143,KENTUCKY,LYON,21143
126,1119,6,21,145,KENTUCKY,MCCRACKEN,21145
1,8,5,21,147,KENTUCKY,MCCREARY,21147
4,22,4,21,149,KENTUCKY,MCLEAN,21149
196,1417,7,21,151,KENTUCKY,MADISON,21151
3,22,3,21,153,KENTUCKY,MAGOFFIN,21153
12,139,5,21,155,KENTUCKY,MARION,21155
21,266,5,21,157,KENTUCKY,MARSHALL,21157
1,5,3,21,159,KENTUCKY,MARTIN,21159
26,268,5,21,161,KENTUCKY,MASON,21161
25,119,4,21,163,KENTUCKY,MEADE,21163
3,19,2,21,165,KENTUCKY,MENIFEE,21165
26,131,4,21,167,KENTUCKY,MERCER,21167
2,35,3,21,169,KENTUCKY,METCALFE,21169
5,16,4,21,171,KENTUCKY,MONROE,21171
23,274,4,21,173,KENTUCKY,MONTGOMERY,21173
7,58,3,21,175,KENTUCKY,MORGAN,21175
19,160,5,21,177,KENTUCKY,MUHLENBERG,21177
25,462,6,21,179,KENTUCKY,NELSON,21179
3,20,4,21,181,KENTUCKY,NICHOLAS,21181
25,125,6,21,183,KENTUCKY,OHIO,21183
34,514,5,21,185,KENTUCKY,OLDHAM,21185
0,32,3,21,187,KENTUCKY,OWEN,21187
0,1,3,21,189,KENTUCKY,OWSLEY,21189
2,77,4,21,191,KENTUCKY,PENDLETON,21191
66,220,6,21,193,KENTUCKY,PERRY,21193
93,386,7,21,195,KENTUCKY,PIKE,21195
8,43,4,21,197,KENTUCKY,POWELL,21197
78,559,9,21,199,KENTUCKY,PULASKI,21199
0,2,2,21,201,KENTUCKY,ROBERTSON,21201
6,37,4,21,203,KENTUCKY,ROCKCASTLE,21203
79,297,5,21,205,KENTUCKY,ROWAN,21205
6,65,4,21,207,KENTUCKY,RUSSELL,21207
65,637,6,21,209,KENTUCKY,SCOTT,21209
44,487,4,21,211,KENTUCKY,SHELBY,21211
24,259,3,21,213,KENTUCKY,SIMPSON,21213
7,50,3,21,215,KENTUCKY,SPENCER,21215
26,279,4,21,217,KENTUCKY,TAYLOR,21217
10,79,5,21,219,KENTUCKY,TODD,21219
7,97,4,21,221,KENTUCKY,TRIGG,21221
1,11,2,21,223,KENTUCKY,TRIMBLE,21223
10,80,5,21,225,KENTUCKY,UNION,21225
284,2913,7,21,227,KENTUCKY,WARREN,21227
10,30,3,21,229,KENTUCKY,WASHINGTON,21229
23,118,3,21,231,KENTUCKY,WAYNE,21231
11,34,5,21,233,KENTUCKY,WEBSTER,21233
40,292,4,21,235,KENTUCKY,WHITLEY,21235
3,19,3,21,237,KENTUCKY,WOLFE,21237
16,254,4,21,239,KENTUCKY,WOODFORD,21239
0,1,1,21,999,KENTUCKY,_Undetermined,21999
150,895,10,24,001,MARYLAND,ALLEGANY,24001
1781,9865,9,24,003,MARYLAND,ANNE ARUNDEL,24003
3385,22019,9,24,005,MARYLAND,BALTIMORE,24005
102,400,3,24,009,MARYLAND,CALVERT,24009
90,347,8,24,011,MARYLAND,CAROLINE,24011
415,1168,9,24,013,MARYLAND,CARROLL,24013
306,1369,8,24,015,MARYLAND,CECIL,24015
561,1993,3,24,017,MARYLAND,CHARLES,24017
135,663,4,24,019,MARYLAND,DORCHESTER,24019
565,2973,6,24,021,MARYLAND,FREDERICK,24021
12,131,3,24,023,MARYLAND,GARRETT,24023
591,2395,5,24,025,MARYLAND,HARFORD,24025
680,5636,4,24,027,MARYLAND,HOWARD,24027
25,106,4,24,029,MARYLAND,KENT,24029
2053,18559,9,24,031,MARYLAND,MONTGOMERY,24031
4458,25936,31,24,033,MARYLAND,PRINCE GEORGE'S,24033
34,344,3,24,035,MARYLAND,QUEEN ANNE'S,24035
189,1066,3,24,037,MARYLAND,ST MARY'S,24037
65,217,5,24,039,MARYLAND,SOMERSET,24039
100,487,6,24,041,MARYLAND,TALBOT,24041
532,1768,7,24,043,MARYLAND,WASHINGTON,24043
487,1510,6,24,045,MARYLAND,WICOMICO,24045
106,1015,7,24,047,MARYLAND,WORCESTER,24047
9792,29820,13,24,510,MARYLAND,BALTIMORE (CITY),24510
824,4064,7,37,001,NORTH CAROLINA,ALAMANCE,37001
102,331,2,37,003,NORTH CAROLINA,ALEXANDER,37003
60,185,3,37,005,NORTH CAROLINA,ALLEGHANY,37005
109,487,6,37,007,NORTH CAROLINA,ANSON,37007
38,283,4,37,009,NORTH CAROLINA,ASHE,37009
34,172,4,37,011,NORTH CAROLINA,AVERY,37011
86,389,8,37,013,NORTH CAROLINA,BEAUFORT,37013
79,185,4,37,015,NORTH CAROLINA,BERTIE,37015
80,505,7,37,017,NORTH CAROLINA,BLADEN,37017
299,1618,13,37,019,NORTH CAROLINA,BRUNSWICK,37019
1054,5805,11,37,021,NORTH CAROLINA,BUNCOMBE,37021
248,1323,6,37,023,NORTH CAROLINA,BURKE,37023
312,2732,3,37,025,NORTH CAROLINA,CABARRUS,37025
113,1480,5,37,027,NORTH CAROLINA,CALDWELL,37027
12,70,2,37,029,NORTH CAROLINA,CAMDEN,37029
127,1065,11,37,031,NORTH CAROLINA,CARTERET,37031
16,76,2,37,033,NORTH CAROLINA,CASWELL,37033
434,2532,9,37,035,NORTH CAROLINA,CATAWBA,37035
163,794,3,37,037,NORTH CAROLINA,CHATHAM,37037
88,624,3,37,039,NORTH CAROLINA,CHEROKEE,37039
40,138,2,37,041,NORTH CAROLINA,CHOWAN,37041
8,134,1,37,043,NORTH CAROLINA,CLAY,37043
464,1464,8,37,045,NORTH CAROLINA,CLEVELAND,37045
71,593,9,37,047,NORTH CAROLINA,COLUMBUS,37047
237,1466,7,37,049,NORTH CAROLINA,CRAVEN,37049
2000,7834,6,37,051,NORTH CAROLINA,CUMBERLAND,37051
79,241,1,37,053,NORTH CAROLINA,CURRITUCK,37053
105,591,8,37,055,NORTH CAROLINA,DARE,37055
335,2224,4,37,057,NORTH CAROLINA,DAVIDSON,37057
135,669,3,37,059,NORTH CAROLINA,DAVIE,37059
142,994,9,37,061,NORTH CAROLINA,DUPLIN,37061
1942,11522,6,37,063,NORTH CAROLINA,DURHAM,37063
148,516,5,37,065,NORTH CAROLINA,EDGECOMBE,37065
2606,10153,7,37,067,NORTH CAROLINA,FORSYTH,37067
161,747,6,37,069,NORTH CAROLINA,FRANKLIN,37069
986,5384,16,37,071,NORTH CAROLINA,GASTON,37071
14,88,2,37,073,NORTH CAROLINA,GATES,37073
18,115,2,37,075,NORTH CAROLINA,GRAHAM,37075
173,713,5,37,077,NORTH CAROLINA,GRANVILLE,37077
66,223,1,37,079,NORTH CAROLINA,GREENE,37079
3334,15712,8,37,081,NORTH CAROLINA,GUILFORD,37081
236,1052,8,37,083,NORTH CAROLINA,HALIFAX,37083
401,2225,8,37,085,NORTH CAROLINA,HARNETT,37085
168,999,6,37,087,NORTH CAROLINA,HAYWOOD,37087
166,1144,4,37,089,NORTH CAROLINA,HENDERSON,37089
93,324,4,37,091,NORTH CAROLINA,HERTFORD,37091
298,788,2,37,093,NORTH CAROLINA,HOKE,37093
16,21,1,37,095,NORTH CAROLINA,HYDE,37095
578,3237,5,37,097,NORTH CAROLINA,IREDELL,37097
107,514,3,37,099,NORTH CAROLINA,JACKSON,37099
344,2763,10,37,101,NORTH CAROLINA,JOHNSTON,37101
14,53,2,37,103,NORTH CAROLINA,JONES,37103
97,938,3,37,105,NORTH CAROLINA,LEE,37105
172,741,5,37,107,NORTH CAROLINA,LENOIR,37107
167,1213,2,37,109,NORTH CAROLINA,LINCOLN,37109
65,818,4,37,111,NORTH CAROLINA,MCDOWELL,37111
46,505,3,37,113,NORTH CAROLINA,MACON,37113
19,88,5,37,115,NORTH CAROLINA,MADISON,37115
114,515,4,37,117,NORTH CAROLINA,MARTIN,37117
7465,41321,12,37,119,NORTH CAROLINA,MECKLENBURG,37119
2,18,1,37,121,NORTH CAROLINA,MITCHELL,37121
118,360,6,37,123,NORTH CAROLINA,MONTGOMERY,37123
159,1208,14,37,125,NORTH CAROLINA,MOORE,37125
556,2141,9,37,127,NORTH CAROLINA,NASH,37127
775,5769,9,37,129,NORTH CAROLINA,NEW HANOVER,37129
97,332,8,37,131,NORTH CAROLINA,NORTHAMPTON,37131
454,2983,7,37,133,NORTH CAROLINA,ONSLOW,37133
312,3377,6,37,135,NORTH CAROLINA,ORANGE,37135
23,155,1,37,137,NORTH CAROLINA,PAMLICO,37137
165,689,3,37,139,NORTH CAROLINA,PASQUOTANK,37139
98,584,4,37,141,NORTH CAROLINA,PENDER,37141
34,132,3,37,143,NORTH CAROLINA,PERQUIMANS,37143
163,680,2,37,145,NORTH CAROLINA,PERSON,37145
788,3982,9,37,147,NORTH CAROLINA,PITT,37147
30,207,4,37,149,NORTH CAROLINA,POLK,37149
296,2123,7,37,151,NORTH CAROLINA,RANDOLPH,37151
293,1495,4,37,153,NORTH CAROLINA,RICHMOND,37153
1655,5349,11,37,155,NORTH CAROLINA,ROBESON,37155
276,1699,9,37,157,NORTH CAROLINA,ROCKINGHAM,37157
518,2527,10,37,159,NORTH CAROLINA,ROWAN,37159
132,970,6,37,161,NORTH CAROLINA,RUTHERFORD,37161
179,1095,5,37,163,NORTH CAROLINA,SAMPSON,37163
369,902,4,37,165,NORTH CAROLINA,SCOTLAND,37165
142,814,10,37,167,NORTH CAROLINA,STANLY,37167
3,124,5,37,169,NORTH CAROLINA,STOKES,37169
133,1013,5,37,171,NORTH CAROLINA,SURRY,37171
223,305,3,37,173,NORTH CAROLINA,SWAIN,37173
54,322,3,37,175,NORTH CAROLINA,TRANSYLVANIA,37175
6,47,1,37,177,NORTH CAROLINA,TYRRELL,37177
530,3037,6,37,179,NORTH CAROLINA,UNION,37179
376,1261,3,37,181,NORTH CAROLINA,VANCE,37181
3567,22400,27,37,183,NORTH CAROLINA,WAKE,37183
94,319,3,37,185,NORTH CAROLINA,WARREN,37185
46,90,3,37,187,NORTH CAROLINA,WASHINGTON,37187
51,520,7,37,189,NORTH CAROLINA,WATAUGA,37189
700,3403,8,37,191,NORTH CAROLINA,WAYNE,37191
140,703,3,37,193,NORTH CAROLINA,WILKES,37193
291,1520,7,37,195,NORTH CAROLINA,WILSON,37195
60,418,5,37,197,NORTH CAROLINA,YADKIN,37197
10,78,3,37,199,NORTH CAROLINA,YANCEY,37199
85,478,22,42,001,PENNSYLVANIA,ADAMS,42001
3434,17379,133,42,003,PENNSYLVANIA,ALLEGHENY,42003
49,280,23,42,005,PENNSYLVANIA,ARMSTRONG,42005
293,1403,48,42,007,PENNSYLVANIA,BEAVER,42007
63,351,11,42,009,PENNSYLVANIA,BEDFORD,42009
752,4242,54,42,011,PENNSYLVANIA,BERKS,42011
187,1430,21,42,013,PENNSYLVANIA,BLAIR,42013
77,474,14,42,015,PENNSYLVANIA,BRADFORD,42015
412,6072,51,42,017,PENNSYLVANIA,BUCKS,42017
205,1034,23,42,019,PENNSYLVANIA,BUTLER,42019
169,1377,52,42,021,PENNSYLVANIA,CAMBRIA,42021
4,32,5,42,023,PENNSYLVANIA,CAMERON,42023
121,498,17,42,025,PENNSYLVANIA,CARBON,42025
202,1110,13,42,027,PENNSYLVANIA,CENTRE,42027
517,3306,54,42,029,PENNSYLVANIA,CHESTER,42029
42,305,12,42,031,PENNSYLVANIA,CLARION,42031
113,554,18,42,033,PENNSYLVANIA,CLEARFIELD,42033
62,303,15,42,035,PENNSYLVANIA,CLINTON,42035
76,574,34,42,037,PENNSYLVANIA,COLUMBIA,42037
128,622,16,42,039,PENNSYLVANIA,CRAWFORD,42039
246,2213,27,42,041,PENNSYLVANIA,CUMBERLAND,42041
985,3727,32,42,043,PENNSYLVANIA,DAUPHIN,42043
1377,8720,48,42,045,PENNSYLVANIA,DELAWARE,42045
29,214,10,42,047,PENNSYLVANIA,ELK,42047
839,3834,23,42,049,PENNSYLVANIA,ERIE,42049
333,1844,25,42,051,PENNSYLVANIA,FAYETTE,42051
12,36,4,42,053,PENNSYLVANIA,FOREST,42053
198,1313,11,42,055,PENNSYLVANIA,FRANKLIN,42055
18,121,5,42,057,PENNSYLVANIA,FULTON,42057
69,270,8,42,059,PENNSYLVANIA,GREENE,42059
49,264,8,42,061,PENNSYLVANIA,HUNTINGDON,42061
15456,79976,14,42,063,PENNSYLVANIA,INDIANA,42063
64,194,13,42,065,PENNSYLVANIA,JEFFERSON,42065
31,158,7,42,067,PENNSYLVANIA,JUNIATA,42067
450,1965,34,42,069,PENNSYLVANIA,LACKAWANNA,42069
560,4032,52,42,071,PENNSYLVANIA,LANCASTER,42071
41,409,21,42,073,PENNSYLVANIA,LAWRENCE,42073
123,978,27,42,075,PENNSYLVANIA,LEBANON,42075
544,4617,21,42,077,PENNSYLVANIA,LEHIGH,42077
634,3305,59,42,079,PENNSYLVANIA,LUZERNE,42079
162,1146,16,42,081,PENNSYLVANIA,LYCOMING,42081
107,413,14,42,083,PENNSYLVANIA,MCKEAN,42083
208,1047,24,42,085,PENNSYLVANIA,MERCER,42085
108,462,11,42,087,PENNSYLVANIA,MIFFLIN,42087
256,2061,15,42,089,PENNSYLVANIA,MONROE,42089
971,13937,55,42,091,PENNSYLVANIA,MONTGOMERY,42091
51,143,6,42,093,PENNSYLVANIA,MONTOUR,42093
402,3712,39,42,095,PENNSYLVANIA,NORTHAMPTON,42095
104,709,18,42,097,PENNSYLVANIA,NORTHUMBERLAND,42097
67,340,10,42,099,PENNSYLVANIA,PERRY,42099
61,292,4,42,101,PENNSYLVANIA,PHILADELPHIA,42101
60,350,11,42,103,PENNSYLVANIA,PIKE,42103
12,80,10,42,105,PENNSYLVANIA,POTTER,42105
184,1090,52,42,107,PENNSYLVANIA,SCHUYLKILL,42107
26,246,9,42,109,PENNSYLVANIA,SNYDER,42109
120,406,22,42,111,PENNSYLVANIA,SOMERSET,42111
3,48,5,42,113,PENNSYLVANIA,SULLIVAN,42113
21,232,14,42,115,PENNSYLVANIA,SUSQUEHANNA,42115
42,318,16,42,117,PENNSYLVANIA,TIOGA,42117
51,253,12,42,119,PENNSYLVANIA,UNION,42119
57,389,9,42,121,PENNSYLVANIA,VENANGO,42121
76,344,10,42,123,PENNSYLVANIA,WARREN,42123
320,1554,51,42,125,PENNSYLVANIA,WASHINGTON,42125
49,264,10,42,127,PENNSYLVANIA,WAYNE,42127
507,2505,46,42,129,PENNSYLVANIA,WESTMORELAND,42129
26,139,11,42,131,PENNSYLVANIA,WYOMING,42131
530,4122,32,42,133,PENNSYLVANIA,YORK,42133
46,308,10,45,001,SOUTH CAROLINA,ABBEVILLE,45001
474,4074,17,45,003,SOUTH CAROLINA,AIKEN,45003
91,126,8,45,005,SOUTH CAROLINA,ALLENDALE,45005
883,5902,14,45,007,SOUTH CAROLINA,ANDERSON,45007
86,335,11,45,009,SOUTH CAROLINA,BAMBERG,45009
119,605,9,45,011,SOUTH CAROLINA,BARNWELL,45011
673,2844,9,45,013,SOUTH CAROLINA,BEAUFORT,45013
788,4145,13,45,015,SOUTH CAROLINA,BERKELEY,45015
39,210,8,45,017,SOUTH CAROLINA,CALHOUN,45017
2183,11663,21,45,019,SOUTH CAROLINA,CHARLESTON,45019
149,1145,8,45,021,SOUTH CAROLINA,CHEROKEE,45021
190,548,9,45,023,SOUTH CAROLINA,CHESTER,45023
294,1029,11,45,025,SOUTH CAROLINA,CHESTERFIELD,45025
199,839,9,45,027,SOUTH CAROLINA,CLARENDON,45027
280,989,9,45,029,SOUTH CAROLINA,COLLETON,45029
625,2236,10,45,031,SOUTH CAROLINA,DARLINGTON,45031
318,825,9,45,033,SOUTH CAROLINA,DILLON,45033
476,3083,10,45,035,SOUTH CAROLINA,DORCHESTER,45035
23,197,8,45,037,SOUTH CAROLINA,EDGEFIELD,45037
152,340,8,45,039,SOUTH CAROLINA,FAIRFIELD,45039
1187,4314,14,45,041,SOUTH CAROLINA,FLORENCE,45041
320,1086,9,45,043,SOUTH CAROLINA,GEORGETOWN,45043
2394,12696,17,45,045,SOUTH CAROLINA,GREENVILLE,45045
291,1610,10,45,047,SOUTH CAROLINA,GREENWOOD,45047
142,464,11,45,049,SOUTH CAROLINA,HAMPTON,45049
1467,8627,16,45,051,SOUTH CAROLINA,HORRY,45051
229,813,8,45,053,SOUTH CAROLINA,JASPER,45053
276,1378,9,45,055,SOUTH CAROLINA,KERSHAW,45055
334,1628,9,45,057,SOUTH CAROLINA,LANCASTER,45057
323,1285,12,45,059,SOUTH CAROLINA,LAURENS,45059
90,415,8,45,061,SOUTH CAROLINA,LEE,45061
1067,6480,20,45,063,SOUTH CAROLINA,LEXINGTON,45063
11,102,7,45,065,SOUTH CAROLINA,MCCORMICK,45065
232,919,10,45,067,SOUTH CAROLINA,MARION,45067
236,803,9,45,069,SOUTH CAROLINA,MARLBORO,45069
134,538,9,45,071,SOUTH CAROLINA,NEWBERRY,45071
245,1507,11,45,073,SOUTH CAROLINA,OCONEE,45073
1176,2862,18,45,075,SOUTH CAROLINA,ORANGEBURG,45075
289,2176,12,45,077,SOUTH CAROLINA,PICKENS,45077
3137,12281,22,45,079,SOUTH CAROLINA,RICHLAND COUNTY,45079
52,113,8,45,081,SOUTH CAROLINA,SALUDA,45081
1992,7628,21,45,083,SOUTH CAROLINA,SPARTANBURG,45083
766,3002,9,45,085,SOUTH CAROLINA,SUMTER,45085
125,900,9,45,087,SOUTH CAROLINA,UNION,45087
214,697,10,45,089,SOUTH CAROLINA,WILLIAMSBURG,45089
797,4578,12,45,091,SOUTH CAROLINA,YORK,45091
296,1104,7,47,001,TENNESSEE,ANDERSON,47001
220,704,4,47,003,TENNESSEE,BEDFORD,47003
45,124,4,47,005,TENNESSEE,BENTON,47005
6,49,3,47,007,TENNESSEE,BLEDSOE,47007
408,979,7,47,009,TENNESSEE,BLOUNT,47009
369,1793,6,47,011,TENNESSEE,BRADLEY,47011
66,350,8,47,013,TENNESSEE,CAMPBELL,47013
9,38,2,47,015,TENNESSEE,CANNON,47015
63,216,8,47,017,TENNESSEE,CARROLL,47017
193,845,5,47,019,TENNESSEE,CARTER,47019
159,374,4,47,021,TENNESSEE,CHEATHAM,47021
37,132,3,47,023,TENNESSEE,CHESTER,47023
47,224,4,47,025,TENNESSEE,CLAIBORNE,47025
18,25,2,47,027,TENNESSEE,CLAY,47027
203,727,2,47,029,TENNESSEE,COCKE,47029
280,1133,5,47,031,TENNESSEE,COFFEE,47031
45,144,6,47,033,TENNESSEE,CROCKETT,47033
136,682,4,47,035,TENNESSEE,CUMBERLAND,47035
8644,32043,22,47,037,TENNESSEE,DAVIDSON,47037
21,83,4,47,039,TENNESSEE,DECATUR,47039
51,185,4,47,041,TENNESSEE,DE KALB,47041
267,744,8,47,043,TENNESSEE,DICKSON,47043
238,1039,5,47,045,TENNESSEE,DYER,47045
147,313,9,47,047,TENNESSEE,FAYETTE,47047
56,205,3,47,049,TENNESSEE,FENTRESS,47049
122,554,9,47,051,TENNESSEE,FRANKLIN,47051
150,540,10,47,053,TENNESSEE,GIBSON,47053
96,448,6,47,055,TENNESSEE,GILES,47055
65,228,4,47,057,TENNESSEE,GRAINGER,47057
216,1050,6,47,059,TENNESSEE,GREENE,47059
62,159,4,47,061,TENNESSEE,GRUNDY,47061
373,1298,5,47,063,TENNESSEE,HAMBLEN,47063
2473,10785,15,47,065,TENNESSEE,HAMILTON,47065
20,101,2,47,067,TENNESSEE,HANCOCK,47067
213,281,6,47,069,TENNESSEE,HARDEMAN,47069
134,522,5,47,071,TENNESSEE,HARDIN,47071
72,463,6,47,073,TENNESSEE,HAWKINS,47073
126,408,2,47,075,TENNESSEE,HAYWOOD,47075
133,403,3,47,077,TENNESSEE,HENDERSON,47077
75,347,5,47,079,TENNESSEE,HENRY,47079
100,234,2,47,081,TENNESSEE,HICKMAN,47081
20,33,2,47,083,TENNESSEE,HOUSTON,47083
93,131,5,47,085,TENNESSEE,HUMPHREYS,47085
13,43,2,47,087,TENNESSEE,JACKSON,47087
131,567,7,47,089,TENNESSEE,JEFFERSON,47089
48,117,2,47,091,TENNESSEE,JOHNSON,47091
2200,8801,4,47,093,TENNESSEE,KNOX,47093
27,53,4,47,095,TENNESSEE,LAKE,47095
231,383,6,47,097,TENNESSEE,LAUDERDALE,47097
101,328,8,47,099,TENNESSEE,LAWRENCE,47099
32,140,2,47,101,TENNESSEE,LEWIS,47101
124,345,3,47,103,TENNESSEE,LINCOLN,47103
141,478,3,47,105,TENNESSEE,LOUDON,47105
163,863,6,47,107,TENNESSEE,MCMINN,47107
93,391,5,47,109,TENNESSEE,MCNAIRY,47109
55,199,3,47,111,TENNESSEE,MACON,47111
848,2567,5,47,113,TENNESSEE,MADISON,47113
65,241,10,47,115,TENNESSEE,MARION,47115
124,345,6,47,117,TENNESSEE,MARSHALL,47117
499,1867,6,47,119,TENNESSEE,MAURY,47119
37,204,2,47,121,TENNESSEE,MEIGS,47121
198,721,6,47,123,TENNESSEE,MONROE,47123
970,3639,5,47,125,TENNESSEE,MONTGOMERY,47125
14,44,1,47,127,TENNESSEE,MOORE,47127
67,134,3,47,129,TENNESSEE,MORGAN,47129
113,566,8,47,131,TENNESSEE,OBION,47131
75,149,3,47,133,TENNESSEE,OVERTON,47133
12,43,2,47,135,TENNESSEE,PERRY,47135
0,9,2,47,137,TENNESSEE,PICKETT,47137
49,234,4,47,139,TENNESSEE,POLK,47139
172,1169,8,47,141,TENNESSEE,PUTNAM,47141
49,285,4,47,143,TENNESSEE,RHEA,47143
145,562,7,47,145,TENNESSEE,ROANE,47145
224,455,6,47,147,TENNESSEE,ROBERTSON,47147
1406,6563,7,47,149,TENNESSEE,RUTHERFORD,47149
53,195,3,47,151,TENNESSEE,SCOTT,47151
62,201,2,47,153,TENNESSEE,SEQUATCHIE,47153
321,1614,5,47,155,TENNESSEE,SEVIER,47155
17090,59815,17,47,157,TENNESSEE,SHELBY,47157
18,182,4,47,159,TENNESSEE,SMITH,47159
24,50,3,47,161,TENNESSEE,STEWART,47161
819,3557,9,47,163,TENNESSEE,SULLIVAN,47163
370,1656,10,47,165,TENNESSEE,SUMNER,47165
295,745,6,47,167,TENNESSEE,TIPTON,47167
18,101,3,47,169,TENNESSEE,TROUSDALE,47169
26,105,2,47,171,TENNESSEE,UNICOI,47171
40,198,4,47,173,TENNESSEE,UNION,47173
9,23,2,47,175,TENNESSEE,VAN BUREN,47175
198,576,4,47,177,TENNESSEE,WARREN,47177
448,2826,5,47,179,TENNESSEE,WASHINGTON,47179
14,78,4,47,181,TENNESSEE,WAYNE,47181
80,420,7,47,183,TENNESSEE,WEAKLEY,47183
39,205,2,47,185,TENNESSEE,WHITE,47185
356,1712,6,47,187,TENNESSEE,WILLIAMSON,47187
275,1429,5,47,189,TENNESSEE,WILSON,47189
109,342,7,51,001,VIRGINIA,ACCOMACK,51001
149,1864,2,51,003,VIRGINIA,ALBEMARLE,51003
51,126,5,51,005,VIRGINIA,ALLEGHANY,51005
28,123,2,51,007,VIRGINIA,AMELIA,51007
80,306,3,51,009,VIRGINIA,AMHERST,51009
19,87,3,51,011,VIRGINIA,APPOMATTOX,51011
674,4928,3,51,013,VIRGINIA,ARLINGTON,51013
85,658,2,51,015,VIRGINIA,AUGUSTA,51015
2,9,2,51,017,VIRGINIA,BATH,51017
93,422,2,51,019,VIRGINIA,BEDFORD,51019
2,41,2,51,021,VIRGINIA,BLAND,51021
49,241,3,51,023,VIRGINIA,BOTETOURT,51023
22,92,3,51,025,VIRGINIA,BRUNSWICK,51025
31,216,3,51,027,VIRGINIA,BUCHANAN,51027
14,156,2,51,029,VIRGINIA,BUCKINGHAM,51029
93,625,4,51,031,VIRGINIA,CAMPBELL,51031
96,245,3,51,033,VIRGINIA,CAROLINE,51033
30,218,3,51,035,VIRGINIA,CARROLL,51035
10,37,2,51,036,VIRGINIA,CHARLES CITY,51036
14,72,2,51,037,VIRGINIA,CHARLOTTE,51037
794,5979,2,51,041,VIRGINIA,CHESTERFIELD,51041
4,70,3,51,043,VIRGINIA,CLARKE,51043
5,31,2,51,045,VIRGINIA,CRAIG,51045
66,440,3,51,047,VIRGINIA,CULPEPER,51047
20,34,2,51,049,VIRGINIA,CUMBERLAND,51049
28,123,5,51,051,VIRGINIA,DICKENSON,51051
113,310,3,51,053,VIRGINIA,DINWIDDIE,51053
30,117,3,51,057,VIRGINIA,ESSEX,51057
1442,18617,5,51,059,VIRGINIA,FAIRFAX,51059
60,320,4,51,061,VIRGINIA,FAUQUIER,51061
9,70,2,51,063,VIRGINIA,FLOYD,51063
40,165,2,51,065,VIRGINIA,FLUVANNA,51065
55,656,4,51,067,VIRGINIA,FRANKLIN,51067
48,876,5,51,069,VIRGINIA,FREDERICK,51069
22,159,7,51,071,VIRGINIA,GILES,51071
51,442,2,51,073,VIRGINIA,GLOUCESTER,51073
26,167,2,51,075,VIRGINIA,GOOCHLAND,51075
25,116,4,51,077,VIRGINIA,GRAYSON,51077
20,152,2,51,079,VIRGINIA,GREENE,51079
20,81,2,51,081,VIRGINIA,GREENSVILLE,51081
59,360,5,51,083,VIRGINIA,HALIFAX,51083
237,1214,3,51,085,VIRGINIA,HANOVER,51085
663,7520,2,51,087,VIRGINIA,HENRICO,51087
153,596,2,51,089,VIRGINIA,HENRY,51089
1,21,2,51,091,VIRGINIA,HIGHLAND,51091
66,307,4,51,093,VIRGINIA,ISLE OF WIGHT,51093
101,663,2,51,095,VIRGINIA,JAMES CITY,51095
11,41,2,51,097,VIRGINIA,KING AND QUEEN,51097
37,226,2,51,099,VIRGINIA,KING GEORGE,51099
28,74,3,51,101,VIRGINIA,KING WILLIAM,51101
34,90,4,51,103,VIRGINIA,LANCASTER,51103
34,277,4,51,105,VIRGINIA,LEE,51105
434,3484,5,51,107,VIRGINIA,LOUDOUN,51107
40,322,3,51,109,VIRGINIA,LOUISA,51109
22,41,4,51,111,VIRGINIA,LUNENBURG,51111
18,80,2,51,113,VIRGINIA,MADISON,51113
2,58,2,51,115,VIRGINIA,MATHEWS,51115
78,348,6,51,117,VIRGINIA,MECKLENBURG,51117
15,80,3,51,119,VIRGINIA,MIDDLESEX,51119
163,1375,5,51,121,VIRGINIA,MONTGOMERY,51121
44,119,2,51,125,VIRGINIA,NELSON,51125
45,185,2,51,127,VIRGINIA,NEW KENT,51127
27,89,5,51,131,VIRGINIA,NORTHAMPTON,51131
30,87,2,51,133,VIRGINIA,NORTHUMBERLAND,51133
61,176,5,51,135,VIRGINIA,NOTTOWAY,51135
105,232,4,51,137,VIRGINIA,ORANGE,51137
29,242,5,51,139,VIRGINIA,PAGE,51139
44,228,2,51,141,VIRGINIA,PATRICK,51141
57,408,5,51,143,VIRGINIA,PITTSYLVANIA,51143
35,187,2,51,145,VIRGINIA,POWHATAN,51145
74,210,4,51,147,VIRGINIA,PRINCE EDWARD,51147
151,446,3,51,149,VIRGINIA,PRINCE GEORGE,51149
1351,6655,6,51,153,VIRGINIA,PRINCE WILLIAM,51153
81,762,4,51,155,VIRGINIA,PULASKI,51155
16,22,2,51,157,VIRGINIA,RAPPAHANNOCK,51157
8,25,4,51,159,VIRGINIA,RICHMOND,51159
227,1160,4,51,161,VIRGINIA,ROANOKE,51161
47,224,3,51,163,VIRGINIA,ROCKBRIDGE,51163
117,406,8,51,165,VIRGINIA,ROCKINGHAM,51165
58,239,4,51,167,VIRGINIA,RUSSELL,51167
42,287,4,51,169,VIRGINIA,SCOTT,51169
71,417,7,51,171,VIRGINIA,SHENANDOAH,51171
51,296,5,51,173,VIRGINIA,SMYTH,51173
27,159,4,51,175,VIRGINIA,SOUTHAMPTON,51175
362,741,2,51,177,VIRGINIA,SPOTSYLVANIA,51177
330,1464,2,51,179,VIRGINIA,STAFFORD,51179
8,39,2,51,181,VIRGINIA,SURRY,51181
43,139,3,51,183,VIRGINIA,SUSSEX,51183
98,711,7,51,185,VIRGINIA,TAZEWELL,51185
58,421,3,51,187,VIRGINIA,WARREN,51187
82,802,6,51,191,VIRGINIA,WASHINGTON,51191
30,154,3,51,193,VIRGINIA,WESTMORELAND,51193
82,438,9,51,195,VIRGINIA,WISE,51195
29,387,4,51,197,VIRGINIA,WYTHE,51197
126,1028,2,51,199,VIRGINIA,YORK,51199
396,3774,2,51,510,VIRGINIA,ALEXANDRIA (CITY),51510
15,143,2,51,515,VIRGINIA,BEDFORD (CITY),51515
87,658,2,51,520,VIRGINIA,BRISTOL (CITY),51520
8,22,2,51,530,VIRGINIA,BUENA VISTA (CITY),51530
156,1916,3,51,540,VIRGINIA,CHARLOTTESVILLE (CITY),51540
1088,4713,2,51,550,VIRGINIA,CHESAPEAKE (CITY),51550
78,609,2,51,570,VIRGINIA,COLONIAL HEIGHTS (CITY),51570
9,81,2,51,580,VIRGINIA,COVINGTON (CITY),51580
157,1295,2,51,590,VIRGINIA,DANVILLE (CITY),51590
37,173,2,51,595,VIRGINIA,EMPORIA (CITY),51595
41,803,3,51,600,VIRGINIA,FAIRFAX (CITY),51600
18,267,2,51,610,VIRGINIA,FALLS CHURCH (CITY),51610
41,340,3,51,620,VIRGINIA,FRANKLIN (CITY),51620
145,1029,3,51,630,VIRGINIA,FREDERICKSBURG (CITY),51630
23,271,2,51,640,VIRGINIA,GALAX (CITY),51640
417,4205,4,51,650,VIRGINIA,HAMPTON (CITY),51650
123,1160,3,51,660,VIRGINIA,HARRISONBURG (CITY),51660
86,410,2,51,670,VIRGINIA,HOPEWELL (CITY),51670
9,57,4,51,678,VIRGINIA,LEXINGTON (CITY),51678
274,1618,3,51,680,VIRGINIA,LYNCHBURG (CITY),51680
111,782,2,51,683,VIRGINIA,MANASSAS (CITY),51683
42,176,2,51,685,VIRGINIA,MANASSAS PARK (CITY),51685
55,217,2,51,690,VIRGINIA,MARTINSVILLE (CITY),51690
1636,4741,4,51,700,VIRGINIA,NEWPORT NEWS (CITY),51700
1298,9264,8,51,710,VIRGINIA,NORFOLK (CITY),51710
10,366,2,51,720,VIRGINIA,NORTON (CITY),51720
246,1176,5,51,730,VIRGINIA,PETERSBURG (CITY),51730
26,92,2,51,735,VIRGINIA,POQUOSON (CITY),51735
809,4548,3,51,740,VIRGINIA,PORTSMOUTH (CITY),51740
39,231,3,51,750,VIRGINIA,RADFORD (CITY),51750
955,9285,9,51,760,VIRGINIA,RICHMOND (CITY),51760
575,3866,3,51,770,VIRGINIA,ROANOKE (CITY),51770
23,476,2,51,775,VIRGINIA,SALEM (CITY),51775
49,404,2,51,790,VIRGINIA,STAUNTON (CITY),51790
554,1672,2,51,800,VIRGINIA,SUFFOLK (CITY),51800
561,7903,2,51,810,VIRGINIA,VIRGINIA BEACH (CITY),51810
53,453,2,51,820,VIRGINIA,WAYNESBORO (CITY),51820
43,339,4,51,830,VIRGINIA,WILLIAMSBURG (CITY),51830
82,706,2,51,840,VIRGINIA,WINCHESTER (CITY),51840
62,62,7,54,001,WEST VIRGINIA,BARBOUR,54001
210,638,8,54,003,WEST VIRGINIA,BERKELEY,54003
17,94,10,54,005,WEST VIRGINIA,BOONE,54005
25,53,8,54,007,WEST VIRGINIA,BRAXTON,54007
12,26,8,54,009,WEST VIRGINIA,BROOKE,54009
434,2447,10,54,011,WEST VIRGINIA,CABELL,54011
15,29,6,54,013,WEST VIRGINIA,CALHOUN,54013
16,55,6,54,015,WEST VIRGINIA,CLAY,54015
24,45,6,54,017,WEST VIRGINIA,DODDRIDGE,54017
98,394,17,54,019,WEST VIRGINIA,FAYETTE,54019
10,46,7,54,021,WEST VIRGINIA,GILMER,54021
2,5,8,54,023,WEST VIRGINIA,GRANT,54023
37,204,13,54,025,WEST VIRGINIA,GREENBRIER,54025
40,97,7,54,027,WEST VIRGINIA,HAMPSHIRE,54027
24,45,9,54,029,WEST VIRGINIA,HANCOCK,54029
37,101,7,54,031,WEST VIRGINIA,HARDY,54031
118,930,16,54,033,WEST VIRGINIA,HARRISON,54033
82,104,7,54,035,WEST VIRGINIA,JACKSON,54035
49,381,10,54,037,WEST VIRGINIA,JEFFERSON,54037
881,4468,27,54,039,WEST VIRGINIA,KANAWHA,54039
36,123,6,54,041,WEST VIRGINIA,LEWIS,54041
50,164,6,54,043,WEST VIRGINIA,LINCOLN,54043
56,111,11,54,045,WEST VIRGINIA,LOGAN,54045
21,81,15,54,047,WEST VIRGINIA,MCDOWELL,54047
181,514,17,54,049,WEST VIRGINIA,MARION,54049
36,211,10,54,051,WEST VIRGINIA,MARSHALL,54051
17,123,10,54,053,WEST VIRGINIA,MASON,54053
236,477,15,54,055,WEST VIRGINIA,MERCER,54055
59,219,9,54,057,WEST VIRGINIA,MINERAL,54057
43,97,11,54,059,WEST VIRGINIA,MINGO,54059
262,1295,13,54,061,WEST VIRGINIA,MONONGALIA,54061
7,46,7,54,063,WEST VIRGINIA,MONROE,54063
26,85,6,54,065,WEST VIRGINIA,MORGAN,54065
113,168,9,54,067,WEST VIRGINIA,NICHOLAS,54067
332,705,12,54,069,WEST VIRGINIA,OHIO,54069
6,19,6,54,071,WEST VIRGINIA,PENDLETON,54071
3,14,6,54,073,WEST VIRGINIA,PLEASANTS,54073
15,74,7,54,075,WEST VIRGINIA,POCAHONTAS,54075
27,125,11,54,077,WEST VIRGINIA,PRESTON,54077
40,229,11,54,079,WEST VIRGINIA,PUTNAM,54079
228,1941,13,54,081,WEST VIRGINIA,RALEIGH,54081
155,257,7,54,083,WEST VIRGINIA,RANDOLPH,54083
11,41,7,54,085,WEST VIRGINIA,RITCHIE,54085
33,151,6,54,087,WEST VIRGINIA,ROANE,54087
8,44,6,54,089,WEST VIRGINIA,SUMMERS,54089
6,46,7,54,091,WEST VIRGINIA,TAYLOR,54091
5,14,7,54,093,WEST VIRGINIA,TUCKER,54093
35,25,7,54,095,WEST VIRGINIA,TYLER,54095
18,160,7,54,097,WEST VIRGINIA,UPSHUR,54097
33,208,9,54,099,WEST VIRGINIA,WAYNE,54099
20,58,8,54,101,WEST VIRGINIA,WEBSTER,54101
35,33,9,54,103,WEST VIRGINIA,WETZEL,54103
3,13,5,54,105,WEST VIRGINIA,WIRT,54105
135,1620,9,54,107,WEST VIRGINIA,WOOD,54107
37,71,8,54,109,WEST VIRGINIA,WYOMING,54109
